,entropy,mean_intensity,std_deviation,fractal_dimension,skewness,kurtosis,uniformity,relative_smoothness
2023-01-01 00:00:00,4.434893591824399,121.19730854034424,79.52848495889495,1.2802841178102902,-0.8502525849054793,-1.243855058148043,0.09686676756246015,0.9998419167260528
2023-01-01 01:30:00,4.438163152993846,121.16879463195801,79.54132921762174,1.2857721234230859,-0.849330774457543,-1.2452850687189163,0.09691773630765965,0.9998419677681388
2023-01-01 03:00:00,4.433935939331564,121.14730548858643,79.55031743568878,1.2769832688567564,-0.8487884572185832,-1.2463335260381367,0.09708953418885358,0.9998420034719185
2023-01-01 04:30:00,4.430509264237188,121.12570476531982,79.55783757652547,1.282506343848785,-0.8482366959774067,-1.247386232192373,0.09720232440486143,0.9998420333347792
2023-01-01 06:00:00,4.423565238983962,121.10800361633301,79.56225613822903,1.2794083319054363,-0.8479598237856021,-1.2482635193137521,0.0974604293332959,0.9998420508771634
2023-01-01 07:30:00,4.4165980577986685,121.10101699829102,79.55921506056427,1.2834974864837636,-0.8480602305597835,-1.2483868878745183,0.09758574589250202,0.9998420388039208
2023-01-01 09:00:00,4.416964084046169,121.10492134094238,79.55754161864142,1.2821314685270273,-0.8481453295722221,-1.2481853407683117,0.09752026192654739,0.9998420321596755
2023-01-01 10:30:00,4.421648055211787,121.11619758605957,79.55167767953536,1.2766277621739313,-0.8484424605727166,-1.2475186518168606,0.09736840510959155,0.9998420088741431
2023-01-01 12:00:00,4.433256219752234,121.12910175323486,79.5454321673033,1.280448935252228,-0.8486214744114009,-1.2467223310153606,0.09707234433699341,0.9998419840677326
2023-01-01 13:30:00,4.444173336599741,121.15589618682861,79.53708993155404,1.2814802580542684,-0.8490858974658676,-1.2454130872398435,0.09666670658225485,0.9998419509242787
2023-01-01 15:00:00,4.435728124024959,121.1821985244751,79.52320240219684,1.2842806700512488,-0.8501091750750807,-1.2440154515848718,0.09683065171520866,0.9998418957264066
2023-01-01 16:30:00,4.426990425175918,121.20415306091309,79.51304516409303,1.284850160701245,-0.8509434630996882,-1.2428687264303144,0.09710575215831341,0.9998418553367739
2023-01-01 18:00:00,4.419373129392974,121.22322750091553,79.50137614561994,1.2811515570803251,-0.851799430037957,-1.2418407854197138,0.09717856753923115,0.999841808916534
2023-01-01 19:30:00,4.418031254528685,121.22901439666748,79.49755383999803,1.2808538195915757,-0.8520390585016236,-1.2414394591874387,0.09729614685966226,0.9998417937066687
2023-01-01 21:00:00,4.419855499710996,121.2271032333374,79.49733264078053,1.2799462258548318,-0.8520282992123159,-1.241546945164503,0.09716280098473362,0.9998417928263972
2023-01-01 22:30:00,4.4260655686698085,121.21768474578857,79.50298014937648,1.2825003267716162,-0.8515664800088053,-1.2419800095369786,0.09705696207129222,0.999841815298594
2023-01-02 00:00:00,4.434042319922386,121.1974744796753,79.5123578822314,1.2823028866962114,-0.850763129417773,-1.2429362116504155,0.09683301550103351,0.999841852603281
2023-01-02 01:30:00,4.4282872898800525,121.16436290740967,79.52087935215016,1.2812112378731118,-0.850099147157726,-1.2443944143148222,0.09707450720998168,0.9998418864903058
2023-01-02 03:00:00,4.428145521154071,121.14217567443848,79.53104426788583,1.2809919236861909,-0.8494049298209786,-1.245506913765522,0.09715820635938144,0.9998419268985204
2023-01-02 04:30:00,4.420867487925109,121.12404537200928,79.53594623659177,1.2812057044753902,-0.8491098884939773,-1.246380343093185,0.09735127187741455,0.9998419463796
2023-01-02 06:00:00,4.415763351316472,121.10688591003418,79.54097678094902,1.2777609378764514,-0.8487339662796826,-1.2471911809093255,0.09752277527695696,0.9998419663679127
2023-01-02 07:30:00,4.412106435642691,121.09452247619629,79.54226627160067,1.283075133044704,-0.8485883478725483,-1.2476691222321266,0.09765902079561783,0.999841971490951
2023-01-02 09:00:00,4.40866027201352,121.10464572906494,79.5377127868549,1.2770908731727895,-0.8489416994115725,-1.247127762015459,0.09760095612546138,0.9998419533992244
2023-01-02 10:30:00,4.418701881868147,121.11019039154053,79.53379597227173,1.2810661357462314,-0.8490014504783366,-1.2467327352470723,0.09733577464612608,0.9998419378346053
2023-01-02 12:00:00,4.423370179865412,121.1275224685669,79.52555026978416,1.2791389195130798,-0.8494851473914085,-1.2457327011581796,0.09726218562536815,0.9998419050603561
2023-01-02 13:30:00,4.431821293828567,121.1515474319458,79.51501628172221,1.2825566861634747,-0.8500312551372479,-1.2444389531151638,0.09695287670729158,0.9998418631760122
2023-01-02 21:00:00,4.415055192893396,121.21678733825684,79.47481760815779,1.2780428462975595,-0.8527522506574491,-1.2406496807755814,0.09724360997824988,0.9998417031884363
2023-01-02 22:30:00,4.422236507749366,121.20887756347656,79.48106936702816,1.2834007659769873,-0.8523028618362497,-1.2410656398517836,0.0970015858692932,0.9998417280858857
2023-01-03 00:00:00,4.419050531531913,121.1874132156372,79.48832773566858,1.2827098688665302,-0.8517727660831604,-1.2421399504581925,0.09707933855315787,0.9998417569847617
2023-01-03 01:30:00,4.420308762157644,121.15648555755615,79.4986107408207,1.2825584140455717,-0.8509726941036182,-1.2435051951027434,0.09726046059404325,0.9998417979125485
2023-01-03 03:00:00,4.417054214829147,121.136549949646,79.50853776592423,1.276374858979745,-0.8504105568344213,-1.2445649635023628,0.09733563156260061,0.9998418374084245
2023-01-03 04:30:00,4.413173356270132,121.11434650421143,79.51223707930619,1.2794748251238846,-0.8499981783917979,-1.2455364722691482,0.09745862130148453,0.99984185212281
2023-01-03 06:00:00,4.408237217246903,121.10039234161377,79.51967008513739,1.2804136096019685,-0.8496266889676534,-1.2463835413780624,0.09754081664323166,0.99984188168212
2023-01-03 07:30:00,4.4020821144256805,121.0887680053711,79.51747307288649,1.2769841524759744,-0.8496369282660823,-1.2467926875367987,0.097681336765163,0.9998418729459835
2023-01-03 09:00:00,4.399022308923364,121.0919942855835,79.51222575820738,1.28354421995687,-0.8498850633799285,-1.2464436185626302,0.0977945119211654,0.9998418520777823
2023-01-03 10:30:00,4.404881918651327,121.09963989257812,79.50927585267739,1.2782346966327816,-0.8500529185506716,-1.2460393817328481,0.09760285705124261,0.9998418403444017
2023-01-03 12:00:00,4.41554171586011,121.11605453491211,79.50263094052401,1.280599460931297,-0.8503410606910956,-1.245134606947319,0.09730833125104255,0.9998418139091838
2023-01-03 13:30:00,4.419685517193012,121.14373111724854,79.49502424858726,1.283028788857126,-0.850972784177155,-1.243894698735254,0.09703681629980565,0.9998417836396153
2023-01-03 15:00:00,4.418927193818917,121.16890239715576,79.48137826493388,1.2821795342894446,-0.8518439636561463,-1.2424949627457222,0.09705335219950939,0.9998417293159104
2023-01-03 16:30:00,4.408418802862726,121.1896162033081,79.46692770994832,1.2817219588620432,-0.8528197213236728,-1.241235367147972,0.0972757886393083,0.9998416717587583
2023-01-03 18:00:00,4.400249872529087,121.20827674865723,79.45843333052817,1.2816707682268547,-0.85357931610844,-1.2402510874977521,0.09758021020570595,0.9998416379106444
2023-01-03 19:30:00,4.39828616579228,121.2160005569458,79.45173268037799,1.2826350111136038,-0.8539596224750428,-1.2397193607083834,0.09752553968792199,0.9998416112024634
2023-01-03 21:00:00,4.404287703554728,121.21137237548828,79.45328667654324,1.2828985969891025,-0.8537271021583901,-1.2399148292873696,0.09733638060970407,0.9998416173971523
2023-01-03 22:30:00,4.408822161458123,121.20070934295654,79.45824764643261,1.2791067912563188,-0.8533001551267395,-1.2403827234529594,0.09724214787456731,0.9998416371706155
2023-01-04 00:00:00,4.415880214291868,121.17754173278809,79.4686032068681,1.2828081675869034,-0.8524614954959328,-1.2415463620995717,0.09708977317495737,0.99984167843394
2023-01-04 01:30:00,4.414443940779863,121.15383434295654,79.47885966643241,1.2757146854906918,-0.8518437753509825,-1.2427723003547335,0.09712172503896,0.9998417192864879
2023-01-04 03:00:00,4.4120827980670665,121.12532997131348,79.48812113722326,1.2777080976544921,-0.8511060358994564,-1.2440134092791977,0.09736953536048532,0.9998417561623085
2023-01-04 04:30:00,4.409619130397653,121.10925197601318,79.4929144071091,1.2807733310640799,-0.8507115381190696,-1.2448472960536514,0.09735042233296554,0.9998417752423121
2023-01-04 06:00:00,4.399640598630244,121.09102249145508,79.49847475693633,1.2807985346531925,-0.8504625723228844,-1.2457133430235159,0.09764678027022455,0.9998417973714173
2023-01-04 07:30:00,4.39511343224052,121.08034229278564,79.49558854347362,1.2813123353830511,-0.8504461197786815,-1.2460001502755707,0.09779062405323202,0.9998417858854315
2023-01-04 09:00:00,4.393650183982658,121.08326244354248,79.4930656312221,1.284514368736292,-0.8506076845454167,-1.2457820542567557,0.09776260245416779,0.9998417758442159
2023-01-04 10:30:00,4.401086624665705,121.0889081954956,79.49056480820637,1.2828785952509163,-0.850674564539805,-1.2454441049366451,0.09760425162312458,0.9998417658899723
2023-01-04 12:00:00,4.409258305155491,121.10962200164795,79.48217978143862,1.2824825956389012,-0.8511540669292822,-1.2443349578477267,0.09731516827559972,0.9998417325074648
2023-01-04 13:30:00,4.4183042869192,121.13254833221436,79.473177676654,1.279117966620319,-0.8516221586963186,-1.243138831026546,0.09691918130192789,0.9998416966564838
2023-01-04 21:00:00,4.410414936897066,121.2041540145874,79.44201271298517,1.273161154922966,-0.8538635675784634,-1.2393871983564726,0.09713320420814853,0.9998415724475488
2023-01-04 22:30:00,4.412741418696457,121.19357109069824,79.45085810936386,1.2804756322689124,-0.853314154973554,-1.2399568543240085,0.09721972998340789,0.9998416077160046
2023-01-05 00:00:00,4.420488131114851,121.17022609710693,79.45998423023387,1.2794403208557668,-0.8524915954086844,-1.2410265769226911,0.09704842109567835,0.9998416440914266
2023-01-05 01:30:00,4.423094370224598,121.14702606201172,79.4705169594466,1.284900880279729,-0.8517202379474069,-1.2422797438787003,0.09697412062268995,0.9998416860578161
2023-01-05 03:00:00,4.4213750280839506,121.1246566772461,79.48472886319725,1.2763096154706777,-0.8509284775718682,-1.2435095931842448,0.09718971170150326,0.9998417426569983
2023-01-05 04:30:00,4.418182420303327,121.10389995574951,79.49467705601535,1.2789228973029965,-0.8502716095015685,-1.244615647471782,0.09730124002271623,0.9998417822578127
2023-01-05 06:00:00,4.412534928090763,121.08571243286133,79.50174454813842,1.28331253733065,-0.8498276395165765,-1.245549448163139,0.09754459565192519,0.9998418103823795
2023-01-05 07:30:00,4.406103295905404,121.07798194885254,79.50105585690297,1.2825452795478647,-0.8498167592653363,-1.245801076875136,0.09761273328513198,0.999841807642113
2023-01-05 09:00:00,4.406609157661579,121.08101177215576,79.49922247748154,1.2777648909453916,-0.8498642979828159,-1.2455933839154323,0.09760421884311654,0.9998418003468448
2023-01-05 10:30:00,4.4152591833296535,121.08853530883789,79.49692008054109,1.2815155361449289,-0.8498709321995664,-1.245096165327173,0.09741445528015902,0.9998417911845767
2023-01-05 12:00:00,4.427854241844937,121.10915470123291,79.49387810774441,1.2837757938150216,-0.8500308821044187,-1.2442126563203757,0.09704027510815649,0.9998417790779848
2023-01-05 13:30:00,4.434951224984061,121.13740348815918,79.48556582561382,1.2758628870574038,-0.8505975213784245,-1.2428606240865812,0.09677662633293949,0.999841745989271
2023-01-05 15:00:00,4.43202278051964,121.16278457641602,79.47278985808022,1.2843365721666338,-0.8514257897011029,-1.241453507763182,0.09680431661581679,0.9998416951117184
2023-01-05 16:30:00,4.427771827364527,121.18480968475342,79.4647654617787,1.2787154517218582,-0.8521121835972054,-1.2404074757069614,0.09693242422326875,0.999841663143735
2023-01-05 18:00:00,4.419254245739696,121.20172309875488,79.45865138292486,1.2847378272674215,-0.8527248978942343,-1.2396242631528356,0.09720891931465303,0.9998416387796678
2023-01-05 19:30:00,4.41630027993883,121.21152687072754,79.45857633221358,1.2805797910128796,-0.852953825901207,-1.2393577741501196,0.09734873991874338,0.9998416384805624
2023-01-05 21:00:00,4.428011775978823,121.21086883544922,79.464017092541,1.2798407158301541,-0.8525323562751801,-1.2396536891656307,0.09703466771316016,0.9998416601618513
2023-01-05 22:30:00,4.432337428185432,121.202223777771,79.47302448241716,1.2826420688540283,-0.8520102616156954,-1.2402309500401651,0.09696751634328393,0.9998416960462807
2023-01-06 00:00:00,4.442890153753476,121.18292713165283,79.4849803531698,1.2807802009591494,-0.8511290470746145,-1.241349395595311,0.09668289883484249,0.9998417436582887
2023-01-06 01:30:00,4.442348371420729,121.1549129486084,79.49737219546373,1.28423816325604,-0.8503304553144114,-1.242813251989529,0.096821109067605,0.9998417929838072
2023-01-06 03:00:00,4.44457674266772,121.13237762451172,79.50958309911266,1.2821705843901907,-0.8495086978650594,-1.244130465163287,0.09675846450409153,0.999841841566549
2023-01-06 04:30:00,4.439528605184249,121.10758018493652,79.52086909093157,1.28217707507939,-0.8488144703444499,-1.2454131295110689,0.09700893132685451,0.9998418864495069
2023-01-06 06:00:00,4.432858039259773,121.09584617614746,79.52488947028475,1.2831744680492352,-0.8485925058059739,-1.2460946252041905,0.0971764044588781,0.9998419024334307
2023-01-06 07:30:00,4.427325423898292,121.08440208435059,79.52772620436166,1.2803019799502942,-0.8483773247717599,-1.2466328426332651,0.09736335830530152,0.9998419137100478
2023-01-06 09:00:00,4.425944849273265,121.0923843383789,79.52912267778044,1.2780838874608431,-0.8484724100915509,-1.2464071893472677,0.09740623013931327,0.9998419192608815
2023-01-06 10:30:00,4.434318323294024,121.10144424438477,79.52584142478341,1.280318159940835,-0.848558336015473,-1.2459431068360505,0.09716937192206387,0.9998419062177855
2023-01-06 12:00:00,4.444397271823888,121.11877059936523,79.52252030828018,1.2815550018094615,-0.8487339059703298,-1.2451444478147455,0.0969362199830357,0.9998418930145868
2023-01-06 13:30:00,4.4521952470939326,121.14849185943604,79.51913696901914,1.2846121481352943,-0.8491544729406303,-1.244025045454659,0.09658688076888211,0.9998418795623188
2023-01-06 15:00:00,4.447601569720613,121.17522811889648,79.50841028835225,1.2769184449922768,-0.8500469004230026,-1.2428043998075409,0.0967541406298551,0.9998418369013332
2023-01-06 16:30:00,4.4441267000518225,121.20272731781006,79.5003104428187,1.281699803203575,-0.850775332268482,-1.2416845047554301,0.09672199266969983,0.999841804676069
2023-01-06 18:00:00,4.434736201738177,121.21895980834961,79.49426928866586,1.2801823249347448,-0.8514171536079723,-1.2409930097781563,0.09700365043681813,0.9998417806349036
2023-01-06 19:30:00,4.436688378576455,121.23150444030762,79.49622685275837,1.2813291681807815,-0.851564704132645,-1.240809365426341,0.09693503178277751,0.9998417884257572
2023-01-06 21:00:00,4.441914197993836,121.23278617858887,79.50357915085324,1.2804392860195464,-0.8512736303650423,-1.2411173557341564,0.09681220223865239,0.9998418176818207
2023-01-06 22:30:00,4.4487524138154635,121.21924304962158,79.5120961958933,1.2805659346349196,-0.8506341382878952,-1.2418590889154433,0.09669401762221241,0.9998418515624699
2023-01-07 00:00:00,4.45233970473711,121.19631576538086,79.5228722017967,1.281978973892208,-0.8499216066469418,-1.2431442113971463,0.0966210069382214,0.9998418944136284
2023-01-07 01:30:00,4.452550839658011,121.16631031036377,79.53568050319116,1.2798668129459778,-0.8490425555430412,-1.2446553660020314,0.09672841222709394,0.9998419453236322
2023-01-07 03:00:00,4.454859396427551,121.14953708648682,79.54910024902148,1.278442531813873,-0.8482603614141347,-1.2457939789201127,0.09674422714306274,0.9998419986376124
2023-01-07 04:30:00,4.453129570413511,121.13176441192627,79.56306158720152,1.2831740481509224,-0.8475730472303006,-1.2471302254384193,0.09672584195504896,0.9998420540746075
2023-01-07 06:00:00,4.440212072572519,121.11479759216309,79.56786173956041,1.2820181764840322,-0.8473836751932537,-1.2479968230484126,0.09720984249725007,0.9998420731280768
2023-01-07 07:30:00,4.437019881644327,121.104323387146,79.57092966257635,1.2832514783417288,-0.847149763796975,-1.248565654946678,0.09723445239433204,0.9998420853039214
2023-01-07 09:00:00,4.4387410852735005,121.110107421875,79.57080818325255,1.2806106687801895,-0.847235559419802,-1.2483670564947948,0.09717153813471668,0.999842084821826
2023-01-07 10:30:00,4.440160094797891,121.12192058563232,79.5675471806739,1.2782703465027085,-0.8475332552653252,-1.2479186515642096,0.09707148256893561,0.9998420718795891
2023-01-07 12:00:00,4.448905264624832,121.14224910736084,79.56644881947294,1.2797458939409463,-0.8477296987959846,-1.2471372263065421,0.0969369886606728,0.999842067520065
2023-01-07 13:30:00,4.459382272727133,121.168625831604,79.56130061829343,1.2805488125057858,-0.8480911822667447,-1.2460973138270752,0.09651005598607298,0.9998420470838467
2023-01-07 15:00:00,4.456822002249107,121.19988536834717,79.55046954316836,1.282582977914399,-0.8489678922196633,-1.2447340871371309,0.09650807372599957,0.999842004076029
2023-01-07 16:30:00,4.447534243067551,121.2270154953003,79.54189818052265,1.2839491696161005,-0.8498728671753584,-1.243617342569009,0.0967121729045175,0.9998419700285813
2023-01-07 18:00:00,4.442114006762999,121.2406005859375,79.53864930728157,1.282031094188369,-0.850252298675967,-1.2430111652785911,0.09692846120560716,0.9998419571204243
2023-01-07 19:30:00,4.443930423479762,121.25570964813232,79.54155919687184,1.2758097636980994,-0.8503727376616759,-1.2427170079501018,0.09686635424259293,0.9998419686818332
2023-01-07 21:00:00,4.449649975562363,121.24932670593262,79.54942182241261,1.2769611879734142,-0.8498913945420984,-1.2432751720985353,0.09674185368930921,0.9998419999148285
2023-01-07 22:30:00,4.458001048379387,121.2444372177124,79.56165262957586,1.2830950476943686,-0.8492427184412665,-1.2438871850892972,0.09657869485636184,0.9998420484813115
2023-01-08 00:00:00,4.46241248126619,121.223952293396,79.5716203977952,1.2865559116914724,-0.8484923518362713,-1.244932993783524,0.09652819125767564,0.9998420880450882
2023-01-08 01:30:00,4.46204728814867,121.19162845611572,79.58547781924389,1.2801919711021406,-0.847521549084794,-1.2464614457671976,0.09675862664516899,0.9998421430228721
2023-01-08 03:00:00,4.463688507316657,121.17082500457764,79.59586768034805,1.2771103810450002,-0.8468098643614456,-1.2476189072782258,0.09665187631799199,0.9998421842246644
2023-01-08 04:30:00,4.457319652389519,121.15169906616211,79.6044850984391,1.2789091703045845,-0.8463066154844496,-1.2486925492125736,0.09686569807308842,0.9998422183854617
2023-01-08 06:00:00,4.451680980721754,121.13767910003662,79.60970607868484,1.2778490318559805,-0.8460430682075368,-1.2495085816953866,0.09695553399978962,0.9998422390768514
2023-01-08 07:30:00,4.446573450151724,121.12966918945312,79.61125938357881,1.2786893027841935,-0.8459548909548994,-1.2499529770365225,0.09710552720025589,0.999842245232005
2023-01-08 09:00:00,4.443476988756692,121.12857913970947,79.61317216657089,1.2793699899914708,-0.8459475083958428,-1.2500826353414842,0.0971466656683333,0.9998422528111381
2023-01-08 10:30:00,4.445792013301599,121.13922786712646,79.60342966018911,1.2815999166135286,-0.8464272135280781,-1.2493201039343431,0.09703155829447496,0.999842214202135
2023-01-08 12:00:00,4.4565977141421005,121.15590763092041,79.59441269156997,1.283801445354629,-0.8467915208931238,-1.248240833781867,0.09668848215915204,0.999842178455766
2023-01-08 13:30:00,4.462548771867587,121.18280124664307,79.58536609980692,1.2813244804639188,-0.8473853318145349,-1.246972839001699,0.09640077581207152,0.9998421425797525
2023-01-08 15:00:00,4.4596764145035,121.20531463623047,79.57562369506137,1.2801080249328745,-0.8480946054720125,-1.2458069311207953,0.096510882871371,0.9998421039306761
2023-01-08 16:30:00,4.452549079281857,121.22837543487549,79.56539825508418,1.2778511762735376,-0.8489005991651384,-1.2447239569461745,0.09673422718333313,0.9998420633500833
2023-01-08 18:00:00,4.447224219029585,121.25061798095703,79.55870051634774,1.281298430380024,-0.8495307693921942,-1.2437066743138154,0.09683015409427753,0.9998420367610155
2023-01-08 19:30:00,4.448897473019326,121.25892543792725,79.55716908593618,1.284498221433314,-0.849658614316421,-1.2433671513957625,0.09677356361316924,0.999842030680512
2023-01-08 21:00:00,4.455777235078512,121.25734806060791,79.56137172790885,1.278807966388436,-0.849336771254117,-1.2435301372606733,0.09662426034083182,0.9998420473661493
2023-01-08 22:30:00,4.464264192389815,121.24369430541992,79.57421338268574,1.283057542351641,-0.8484518363979021,-1.2443694608081162,0.0964358105284191,0.9998420983346524
2023-01-09 00:00:00,4.470008219652734,121.21858882904053,79.58548179255746,1.283119404426063,-0.847567817681548,-1.2455751693903385,0.09642480663933384,0.9998421430386317
2023-01-09 01:30:00,4.469845548084296,121.19204807281494,79.60009187361936,1.2760624493949781,-0.8467034935523298,-1.2470617410827516,0.09660110749973683,0.9998422009714153
2023-01-09 03:00:00,4.46872978979141,121.17035579681396,79.60730201889002,1.2767345493911306,-0.8461139782658189,-1.2481159873450247,0.09652137914963532,0.9998422295497711
2023-01-09 04:30:00,4.461873379601571,121.14767169952393,79.61652329611532,1.2818132363089658,-0.8455680028371302,-1.2492577327528083,0.09682559366774512,0.9998422660882001
2023-01-09 06:00:00,4.456570202786208,121.1339340209961,79.62195692913339,1.2774802540675583,-0.8452662657015865,-1.250068045103534,0.09688072659264435,0.9998422876125086
2023-01-09 07:30:00,4.448221837388313,121.12006092071533,79.62704087982291,1.2787684761304874,-0.8450266978683181,-1.2507516500267324,0.09719446733106452,0.9998423077476276
2023-01-09 09:00:00,4.449636886677598,121.12392902374268,79.62457845715392,1.276713255373239,-0.8451348813690426,-1.2505816992254366,0.09702856218973466,0.9998422979956201
2023-01-09 10:30:00,4.445745083487445,121.13756656646729,79.614189427104,1.2743093910554601,-0.8457776021257932,-1.249757266653227,0.09709659290820127,0.9998422568416672
2023-01-09 12:00:00,4.4527773729440625,121.15436363220215,79.60569671964365,1.2810461802060975,-0.8462700709738784,-1.2487387933391247,0.09689366723614512,0.9998422231876289
2023-01-09 13:30:00,4.4566751959867,121.17887783050537,79.59441347251976,1.2759305499288383,-0.8468972790081397,-1.2473979607062782,0.09671834089022013,0.9998421784588625
2023-01-09 15:00:00,4.454311351951047,121.2073335647583,79.58658961933592,1.2802298608638663,-0.8476854143867714,-1.2462147014586464,0.09668674993554305,0.9998421474325716
2023-01-09 16:30:00,4.45004816169318,121.23338890075684,79.57557782703039,1.2802926018097225,-0.8484607102818705,-1.244874383232687,0.09681097012799,0.9998421037486795
2023-01-09 18:00:00,4.4454418930208455,121.24993705749512,79.56735079854526,1.2828532771203882,-0.8490514247876524,-1.244027792426017,0.09692911508136604,0.9998420711001387
2023-01-09 19:30:00,4.446138839114689,121.25924110412598,79.56865952647418,1.2825108666656255,-0.8491701047112156,-1.2437505881056266,0.09695515691601031,0.9998420762944356
2023-01-09 21:00:00,4.453418792990194,121.25349521636963,79.5731553253087,1.2768812121891995,-0.8488077665641462,-1.244164699418855,0.09667565764357278,0.9998420941361573
2023-01-09 22:30:00,4.461088923750548,121.2399730682373,79.58152766164284,1.2771919051756189,-0.8480857494972426,-1.2447387958986709,0.09666206861038518,0.9998421273539855
2023-01-10 00:00:00,4.4663438978192955,121.2125768661499,79.59164086220468,1.2784782743458898,-0.8472942392173805,-1.2460066736951105,0.09655651132561616,0.9998421674648389
2023-01-10 01:30:00,4.465323626513901,121.18709373474121,79.60080188160975,1.2769470816209139,-0.8466301419669818,-1.247289890762652,0.09663423861820775,0.9998422037859697
2023-01-10 03:00:00,4.4628376125027955,121.16203689575195,79.61008020530839,1.2779827097054564,-0.8459498320996894,-1.2484998637534974,0.0967031136933656,0.9998422405594052
2023-01-10 04:30:00,4.45597548618305,121.13614654541016,79.6191151342303,1.2826195789125105,-0.8453991512564802,-1.249758914341662,0.0970750156466238,0.9998422763558257
2023-01-10 06:00:00,4.452184510037925,121.12004089355469,79.62795492951884,1.2793918588466773,-0.8449420914504808,-1.2507239177943401,0.0971518111145997,0.9998423113673363
2023-01-10 07:30:00,4.444862124770901,121.11008644104004,79.62499018048814,1.2826407389416243,-0.8450478040071426,-1.2510211330024912,0.09729252115539566,0.9998422996262435
2023-01-10 09:00:00,4.440947969409571,121.10801029205322,79.62030835951221,1.276732816544148,-0.8452653290488052,-1.2508179400343276,0.0974047314721247,0.9998422810824777
2023-01-10 10:30:00,4.443657674596705,121.11738395690918,79.6108499268129,1.2833976762428119,-0.845679597085753,-1.250118730305885,0.09726822359698417,0.9998422436095193
2023-01-10 12:00:00,4.454086070119595,121.13710594177246,79.6041961083134,1.280777190823765,-0.8460597696381204,-1.2490851838108386,0.09694928573480865,0.9998422172400393
2023-01-10 13:30:00,4.459293768628331,121.16228675842285,79.59169882365472,1.282055797271813,-0.846789782805525,-1.2477184406640038,0.096650955701989,0.9998421676946808
2023-01-10 15:00:00,4.457624714375506,121.1874532699585,79.58027115657907,1.2785814271714724,-0.8476010748549239,-1.2464599960784157,0.09659050933441904,0.9998421223693825
2023-01-10 16:30:00,4.448425655708308,121.21411895751953,79.56574666372391,1.2811884889787457,-0.8486772750478839,-1.2450621825795665,0.09677373921476828,0.9998420647330322
2023-01-10 18:00:00,4.445276911844771,121.2293291091919,79.5582362735865,1.2798903309878251,-0.8491745078864693,-1.244184589401139,0.09698258962089312,0.9998420349177891
2023-01-10 19:30:00,4.44383306294779,121.23279666900635,79.55852367458002,1.2790506512004902,-0.849280193756854,-1.2440841593638832,0.09699193746928358,0.9998420360588879
2023-01-10 21:00:00,4.448824661583727,121.22818374633789,79.56139464067583,1.2834614423836612,-0.8489991339170799,-1.2443181432872423,0.09681767538859276,0.999842047457112
2023-01-10 22:30:00,4.452081729959646,121.21288299560547,79.56465058162071,1.2770143616349738,-0.8485844528907276,-1.244766714815829,0.09676960609613161,0.9998420603822591
2023-01-11 00:00:00,4.458128647942361,121.18401718139648,79.57459713519425,1.2819762470358655,-0.8477284844936958,-1.2460482093659824,0.09672123073141847,0.9998420998573857
2023-01-11 01:30:00,4.456107659504959,121.16077899932861,79.58447118938577,1.2811148834848576,-0.8471325227726284,-1.2472301604652465,0.0969076367236994,0.9998421390301467
2023-01-11 03:00:00,4.452596189174956,121.13798522949219,79.59155130928706,1.2765222461966732,-0.8466060475963288,-1.2483424321427112,0.09692868515776354,0.9998421671097222
2023-01-11 04:30:00,4.448404761383153,121.11036586761475,79.60129319181189,1.2782267028432623,-0.8459296770038576,-1.2496863544633485,0.09713244002705324,0.9998422057335364
2023-01-11 06:00:00,4.435704254397009,121.09291934967041,79.60540174331366,1.2805366197524326,-0.8457964405454079,-1.2505999058973116,0.09745640240726061,0.9998422220185332
2023-01-11 07:30:00,4.437497021109598,121.08157539367676,79.60467927662418,1.2794172975320692,-0.845633804280625,-1.2510046998067796,0.09738523624400841,0.9998422191550868
2023-01-11 09:00:00,4.431377960897608,121.0820083618164,79.59824717149841,1.275713111249275,-0.8459492719491736,-1.250710750380952,0.09754148793763306,0.9998421936584493
2023-01-11 10:30:00,4.434783756171787,121.09162330627441,79.59398639634847,1.2752096557136086,-0.8462400058252851,-1.2502028144761186,0.09738542746163148,0.9998421767654841
2023-01-11 12:00:00,4.4451787244429015,121.11399745941162,79.5864498432441,1.2827083417724476,-0.8466270833974237,-1.249153012764227,0.09706160886707949,0.9998421468781921
2023-01-11 13:30:00,4.448774407098699,121.14108562469482,79.57720662073001,1.2854852055007264,-0.8472958726576424,-1.2478264979624651,0.09694667424810177,0.9998421102112632
2023-01-11 19:30:00,4.433384940889329,121.21952629089355,79.5485016478688,1.2829708612135162,-0.8497631218004048,-1.244243853265859,0.0972080612082209,0.9998419962600639
2023-01-11 21:00:00,4.437001775419363,121.21575260162354,79.5555949043772,1.2826264197501764,-0.8494183272767823,-1.2446697233398571,0.09712418888193497,0.9998420244299003
2023-01-11 22:30:00,4.445529475106778,121.19837093353271,79.56578705917333,1.281622784879291,-0.8486312423160512,-1.2455039765547689,0.09690503603451361,0.9998420648933739
2023-01-12 00:00:00,4.447635396039514,121.18187808990479,79.57428246361765,1.2803567211534392,-0.8480261230940948,-1.2463551867284768,0.0969411155765556,0.9998420986087677
2023-01-12 01:30:00,4.446780737224569,121.1608018875122,79.58868426656942,1.2801291359681524,-0.847296613088945,-1.2477451036222476,0.09701888868221431,0.9998421557400065
2023-01-12 03:00:00,4.450886190503974,121.13230419158936,79.60205326156115,1.2820539598274723,-0.8462663470728115,-1.249222898318498,0.09696356600579747,0.9998422087464023
2023-01-12 04:30:00,4.441183313368401,121.11108303070068,79.61392187644542,1.2800035185538592,-0.8457116294017394,-1.2504364770847993,0.0973662917058391,0.9998422557816088
2023-01-12 06:00:00,4.436248815560868,121.0905408859253,79.61756894119597,1.2796047350975843,-0.8453810840012774,-1.2513327668754564,0.09737664219392173,0.9998422702306675
2023-01-12 07:30:00,4.429472320554183,121.08303642272949,79.61696930407028,1.27970471965781,-0.8454329931004305,-1.2516488593518924,0.09756817051311373,0.9998422678551422
2023-01-12 09:00:00,4.426592018732746,121.0824966430664,79.61344629247543,1.278697267605711,-0.845592190253482,-1.2514451833041345,0.09771100226862472,0.9998422538972787
2023-01-12 10:30:00,4.4321580961897205,121.09017753601074,79.60963947521029,1.2790584096134974,-0.8457779113391095,-1.2510398037748476,0.09748982394012273,0.9998422388129192
2023-01-12 12:00:00,4.439955678883444,121.10948085784912,79.60167150364065,1.2832545708662642,-0.8461755773981868,-1.2500786486322182,0.09713810716675653,0.9998422072331501
2023-01-12 13:30:00,4.448277458773894,121.13786029815674,79.59299134837664,1.2819655918962358,-0.8467207088357548,-1.2487218281656196,0.09697254659113241,0.9998421728199638
2023-01-12 15:00:00,4.44622963945084,121.16277885437012,79.58217252337853,1.2785770139360657,-0.8474721944122274,-1.2474502946882022,0.09698642921466671,0.9998421299120847
2023-01-12 16:30:00,4.438883215812292,121.1861047744751,79.57121239691818,1.2821587331916002,-0.848297038770363,-1.2462745058729037,0.09706238805301837,0.9998420864259547
2023-01-12 18:00:00,4.431356020654787,121.20657348632812,79.56427516907874,1.282099954573742,-0.848970705187882,-1.2454027026949472,0.09718168932886329,0.9998420588920605
2023-01-12 19:30:00,4.435078493913837,121.21967315673828,79.56425073563676,1.2775394349168439,-0.8490607581053239,-1.24491260636747,0.09719116026280972,0.9998420587950713
2023-01-12 21:00:00,4.437864751384997,121.20817470550537,79.57263440987069,1.275186317165245,-0.8485827673128218,-1.245584465900533,0.09718302211695118,0.9998420920690425
2023-01-12 22:30:00,4.441770690039583,121.2010555267334,79.57708916369077,1.2751833196822469,-0.8482330012626157,-1.245927244361796,0.09702899900185002,0.9998421097452409
2023-01-13 00:00:00,4.443110415135953,121.17389106750488,79.58976428922973,1.2813982231696557,-0.8474206208830137,-1.2473351887885937,0.09710140974493697,0.999842160023153
2023-01-13 01:30:00,4.448668631450707,121.15175533294678,79.60412904193039,1.2832780791587113,-0.8464883483770228,-1.248760215365853,0.09692603877556394,0.9998422169742176
2023-01-13 03:00:00,4.444395552598349,121.12398052215576,79.61764552982969,1.2775906624190236,-0.8457009355261024,-1.250220287087883,0.09718729681662808,0.9998422705340775
2023-01-13 04:30:00,4.439484349555321,121.10285377502441,79.62815484916058,1.2749953391246331,-0.8451231061904392,-1.251346460124438,0.09738832996663405,0.9998423121590171
2023-01-13 06:00:00,4.4342560268063425,121.09128093719482,79.635193224993,1.275742674173593,-0.844824061956274,-1.2521595087137427,0.09743766222163686,0.9998423400271549
2023-01-13 07:30:00,4.432158405318038,121.08071804046631,79.63798684792279,1.2704413582773408,-0.8445875893106622,-1.2525630277159723,0.09749014076805906,0.9998423510863335
2023-01-13 09:00:00,4.429249051463996,121.0823860168457,79.6363519504503,1.2766534272703145,-0.8446739703301258,-1.2524847278396747,0.09761336795418174,0.9998423446143689
2023-01-13 10:30:00,4.435356429439873,121.09253215789795,79.63654039483072,1.2770125398091288,-0.8447248168463151,-1.252063873740497,0.09743326107491157,0.999842345360372
2023-01-13 12:00:00,4.444264986130662,121.11312198638916,79.63386361036464,1.2764865184855505,-0.8449452289107642,-1.2512105349235052,0.09725006322332774,0.9998423347631705
2023-01-13 13:30:00,4.449056976732603,121.14085102081299,79.62334373518266,1.27938531898752,-0.8455894610252397,-1.2498808741472038,0.09696517659904202,0.9998422931053725
2023-01-13 15:00:00,4.450844484228204,121.16880416870117,79.61711546870234,1.2783965081281248,-0.8461452323475646,-1.2485605871214016,0.09692933334372356,0.9998422684341937
2023-01-13 16:30:00,4.442405619401802,121.19312381744385,79.60810238262994,1.2748435199215606,-0.8469118046974866,-1.2474548092985025,0.09719096196022292,0.999842232721639
2023-01-13 18:00:00,4.437206072831808,121.21467018127441,79.60282899590325,1.2769103235167987,-0.847482189288674,-1.2465817560812678,0.09726705386128742,0.9998422118212724
2023-01-13 19:30:00,4.439660848206895,121.22365760803223,79.60673100998142,1.2810869033072565,-0.847445402643145,-1.246568958381983,0.09707990090464591,0.9998422272867855
2023-01-13 21:00:00,4.446678421622337,121.2198429107666,79.61426843982629,1.2752765469491083,-0.8469571888303041,-1.2469785598644865,0.09697108803266019,0.9998422571547202
2023-01-13 22:30:00,4.454512087095762,121.2108211517334,79.6282061582878,1.2754518668716817,-0.8461600610331753,-1.2476994566878918,0.09689453877035703,0.9998423123622001
2023-01-14 00:00:00,4.460686044450479,121.18904113769531,79.64239172789925,1.272729655898879,-0.8452162615552393,-1.2490012766841685,0.09673544261931966,0.9998423685216682
2023-01-14 01:30:00,4.461787279368516,121.16106986999512,79.65489468154674,1.2800446662617373,-0.8443217202967277,-1.2503871379762528,0.096863874085102,0.9998424179949328
2023-01-14 03:00:00,4.463742700866172,121.13134956359863,79.66883608327689,1.2773897663105773,-0.8433390834894297,-1.2518903218357502,0.09691844572080299,0.9998424731325721
2023-01-14 04:30:00,4.458262845125196,121.11186408996582,79.68236532126241,1.2768194293657322,-0.8426497258453197,-1.253087349282102,0.09710562714280968,0.9998425266124596
2023-01-14 06:00:00,4.457892577249657,121.09821891784668,79.69498231015172,1.2784977618860167,-0.8420079317405316,-1.254105780988733,0.09726951993798139,0.99984257646177
2023-01-14 07:30:00,4.454637202982189,121.08756732940674,79.69535406253276,1.2752095266348136,-0.8418400319120058,-1.254535195664186,0.09728277450813039,0.9998425779301926
2023-01-14 09:00:00,4.454658392584088,121.09504508972168,79.69775739657054,1.279749001440059,-0.8418056541877423,-1.2542409489319555,0.09731307495349029,0.9998425874228702
2023-01-14 10:30:00,4.46116313419827,121.10406494140625,79.69594904629305,1.2739967928021108,-0.8418909676164915,-1.2539204160604598,0.09708905879597296,0.9998425802803366
2023-01-14 12:00:00,4.474546051440454,121.11938381195068,79.69384103820992,1.2819765314389233,-0.8419457508796591,-1.2531480900966825,0.09678733729015221,0.9998425719536157
2023-01-14 13:30:00,4.475855597806418,121.14381122589111,79.68675880655036,1.2800508395196215,-0.8424903086185522,-1.2519710771202226,0.09675635295752727,0.9998425439736628
2023-01-14 15:00:00,4.475486908446217,121.17660808563232,79.67619110331732,1.2774161401339885,-0.8434199667344978,-1.250629764831728,0.09668043632154877,0.999842502209698
2023-01-14 16:30:00,4.4677104604905455,121.20249462127686,79.67006580067668,1.2758689666439327,-0.844176196416802,-1.24965806544781,0.09689916998831904,0.9998424779946622
2023-01-14 18:00:00,4.463850667722869,121.22429752349854,79.66606885835576,1.2737326646218048,-0.8447597540886872,-1.2488541319322017,0.09697196361412352,0.9998424621906196
2023-01-14 19:30:00,4.467453599915959,121.2354211807251,79.66887594741767,1.2795589167926567,-0.8448054627083816,-1.2487420650006993,0.09684966922577587,0.9998424732901916
2023-01-14 21:00:00,4.473781801168528,121.23215770721436,79.6783744325367,1.2762101181970489,-0.8443678584640602,-1.2493263758987572,0.09680512668819574,0.9998425108396597
2023-01-14 22:30:00,4.479273798186911,121.22425174713135,79.69261768930433,1.2715715312562117,-0.8436811366001576,-1.2502207743358589,0.09662293412111467,0.9998425671210329
2023-01-15 00:00:00,4.483317314788548,121.20240211486816,79.70551915144141,1.2756082596037188,-0.8428596193258755,-1.2514547398641063,0.09661031724681379,0.9998426180743504
2023-01-15 01:30:00,4.487043560414255,121.17414283752441,79.72056830036615,1.279563290927151,-0.8418813011209352,-1.2530635118383697,0.09664860737757408,0.9998426774785407
2023-01-15 03:00:00,4.4827620921644264,121.15065383911133,79.73622255638134,1.2822595293768992,-0.8410751579451904,-1.2545581174956941,0.09674704374447174,0.9998427392356176
2023-01-15 04:30:00,4.4818423126543445,121.13173484802246,79.74654075353999,1.2712953638174431,-0.8404448245474581,-1.2556899201598954,0.09676990846674016,0.9998427799217086
2023-01-15 06:00:00,4.477443145091874,121.11943817138672,79.75606123730054,1.282839994479179,-0.8400528960775479,-1.256577118290781,0.0969668362831726,0.9998428174483011
2023-01-15 07:30:00,4.472492790754563,121.11249256134033,79.75942959966834,1.2805496578525448,-0.8399796315385136,-1.25707172806602,0.097105943284987,0.9998428307220519
2023-01-15 09:00:00,4.4712462640755,121.11441898345947,79.75949107978649,1.2753707117186852,-0.8400287867542323,-1.257040269109739,0.09700103829527507,0.9998428309643119
2023-01-15 10:30:00,4.4766523430343215,121.12263488769531,79.75634986766873,1.2771880250618248,-0.8401769077011474,-1.2565684014337062,0.09700485968096473,0.9998428185857765
2023-01-15 12:00:00,4.4862855998783475,121.14170932769775,79.75239568948146,1.2802983133267904,-0.840489614215015,-1.2557944115912574,0.0966329156071879,0.9998428030015168
2023-01-15 13:30:00,4.491946261829511,121.16639804840088,79.74799468590844,1.2761373515769234,-0.8409623429863458,-1.2547970570471756,0.09652050479235186,0.9998427856534975
2023-01-15 15:00:00,4.487858201288942,121.19824504852295,79.73517759576961,1.277384705461848,-0.841965493839611,-1.2534332481644468,0.09644103455320874,0.9998427351143115
2023-01-15 16:30:00,4.483484458734862,121.22161293029785,79.73198392434406,1.2784768590459739,-0.8424764357932624,-1.252612121631302,0.09660739872197155,0.9998427225175239
2023-01-15 18:00:00,4.47364801623277,121.24405097961426,79.72536400029756,1.2810837452898705,-0.8433142680257757,-1.2517598914044388,0.0967407929674664,0.999842696401759
2023-01-15 19:30:00,4.474759279075905,121.25658416748047,79.72835987712953,1.2824616625298664,-0.8433826452643016,-1.251474301703371,0.09681223603547551,0.9998427082213732
2023-01-15 21:00:00,4.479878784731933,121.24937629699707,79.73760441913396,1.2792518956741956,-0.8428565571345321,-1.2521057171736047,0.09670592499969644,0.9998427446854111
2023-01-15 22:30:00,4.488187081261387,121.24109268188477,79.75017592315433,1.2807910068712314,-0.8421627274590014,-1.2528257171281318,0.09653892802998598,0.9998427942519285
2023-01-16 00:00:00,4.491720261701205,121.22364139556885,79.76071628317878,1.2762044469957492,-0.8414572556497605,-1.2538595167874382,0.09642402093777491,0.9998428357920592
2023-01-16 01:30:00,4.48855237083672,121.19323635101318,79.77541767126294,1.2740825868968781,-0.8405676293717672,-1.255523918672368,0.09656588494181051,0.9998428937035366
2023-01-16 03:00:00,4.486339969829236,121.1707649230957,79.78713369184044,1.2786326014497995,-0.8398671253109207,-1.2567242984043079,0.09669051759919967,0.9998429398321868
2023-01-16 04:30:00,4.480761432392779,121.14810371398926,79.79471377279411,1.275207221885745,-0.8393527427256793,-1.2578620201110324,0.09682539555615222,0.9998429696658748
2023-01-16 06:00:00,4.475776844332874,121.13357257843018,79.80272239288084,1.2771866460991907,-0.8390146985556219,-1.258854968031912,0.0969585753082356,0.9998430011769741
2023-01-16 07:30:00,4.469011299113201,121.11933612823486,79.79876833488814,1.2832837281614042,-0.8390687268021076,-1.259181974931096,0.09705491898603213,0.999842985620334
2023-01-16 09:00:00,4.468365051641593,121.12288188934326,79.7996047649878,1.275993660897174,-0.8391426195120031,-1.2590953805657208,0.09703432274545776,0.9998429889113339
2023-01-16 10:30:00,4.473299322924474,121.13485717773438,79.79417069230003,1.2728479601494218,-0.8394670487710162,-1.2585425994078814,0.09689994433574611,0.9998429675287009
2023-01-16 12:00:00,4.483219813816402,121.15193462371826,79.78766287763821,1.274965838861339,-0.8397874061669274,-1.257703808392943,0.09657216131745372,0.9998429419152326
2023-01-16 13:30:00,4.487057044752508,121.17492866516113,79.77898647645887,1.2733128676340801,-0.8403613859687368,-1.2564612052949795,0.09647989352743025,0.9998429077568902
2023-01-16 15:00:00,4.480985126421364,121.19743251800537,79.76679288468537,1.2787684694358468,-0.8412080029836727,-1.2552156060402413,0.09664924235403305,0.9998428597327941
2023-01-16 16:30:00,4.474231646970669,121.22237300872803,79.75489819096752,1.2754851011468398,-0.8421027512964101,-1.2539995202684153,0.09668353162123822,0.9998428128646782
2023-01-16 18:00:00,4.466826194010894,121.2436637878418,79.74973130795054,1.2763155581184549,-0.8426958601532581,-1.2531226937523046,0.09689126566445339,0.9998427924993138
2023-01-16 19:30:00,4.4641044884696575,121.248215675354,79.74846955724193,1.2803042439456414,-0.8428637959271816,-1.2528912629649718,0.0969324978577788,0.999842787525499
2023-01-16 21:00:00,4.47051516945849,121.240797996521,79.75460989080017,1.281545518633207,-0.8423932314479665,-1.2532754190171524,0.09682311096003104,0.999842811728442
2023-01-16 22:30:00,4.473991195586061,121.23209381103516,79.75816284182494,1.276709716165989,-0.8420305088543095,-1.2535890123872828,0.09672749723904417,0.9998428257303196
2023-01-17 00:00:00,4.476321471070289,121.20099544525146,79.76460450120796,1.2676897960475553,-0.8413077991053156,-1.254891409017773,0.09669470738481323,0.9998428511115807
2023-01-17 01:30:00,4.473365065536787,121.17399311065674,79.77592107292458,1.2755388312142708,-0.8405977051985062,-1.2561827301760575,0.09684357249716413,0.9998428956859619
2023-01-17 03:00:00,4.473876086640551,121.15096092224121,79.78794410071458,1.2711829207437735,-0.8398210731686323,-1.2574574116796131,0.09683181981381495,0.9998429430222004
2023-01-17 04:30:00,4.466566443535429,121.12936687469482,79.79517601422401,1.2765607309319147,-0.8393889637868973,-1.2585172475638764,0.09703574635750556,0.99984297148489
2023-01-17 06:00:00,4.458214935103983,121.10863780975342,79.7986956334645,1.2753879526206717,-0.8391636866269044,-1.2594537029914743,0.09724199297852465,0.9998429853342797
2023-01-17 07:30:00,4.451120648550476,121.09170341491699,79.79815991882487,1.2749853361138566,-0.8390485183525852,-1.2600279721842242,0.09751492690156738,0.9998429832264083
2023-01-17 09:00:00,4.448246729005731,121.09767246246338,79.79148823366373,1.2712552023469614,-0.8394529828671676,-1.2596176289118226,0.09742387538790354,0.9998429569718346
2023-01-17 10:30:00,4.455393691061374,121.10274887084961,79.78541413521579,1.2763800853593004,-0.8395930284308991,-1.259152491427759,0.0972476272690983,0.9998429330631715
2023-01-17 12:00:00,4.461372167132854,121.11993217468262,79.77472897438182,1.274702156347028,-0.8401772771404223,-1.2580887439515611,0.09697011145362922,0.9998428909913474
2023-01-17 13:30:00,4.467337069119453,121.14574241638184,79.76487371617301,1.2770886821919285,-0.8407907669749833,-1.2568448598923472,0.09676943943486549,0.9998428521722007
2023-01-17 15:00:00,4.464673700935663,121.16668510437012,79.7525907020588,1.2702153279254798,-0.8415795031878098,-1.2556315518453869,0.09686575200976222,0.9998428037701573
2023-01-17 16:30:00,4.450146068013874,121.19270038604736,79.73706876478359,1.272419566641961,-0.8427808160381282,-1.2542606005737413,0.09715430747019127,0.9998427425729299
2023-01-17 18:00:00,4.444307543135466,121.20697116851807,79.73186432053676,1.2754393156810333,-0.8432715783736259,-1.253646089450466,0.09728100597385492,0.9998427220457415
2023-01-17 19:30:00,4.444931932011683,121.21654319763184,79.72853009406397,1.2748352557113145,-0.8435465442707669,-1.253218260105188,0.09727742796349048,0.9998427088928891
2023-01-17 21:00:00,4.449316448952239,121.21092891693115,79.7347297925001,1.2695644693323607,-0.843230573938649,-1.2536747628404232,0.09722451525522047,0.9998427333481338
2023-01-17 22:30:00,4.452472075040592,121.19779014587402,79.74065499110226,1.2706353521002611,-0.8427745686931126,-1.2542886979629464,0.09718051919480786,0.9998427567152608
2023-01-18 00:00:00,4.452413391889902,121.17343521118164,79.74807405132805,1.27502051596775,-0.8421580141014989,-1.2553257778582667,0.09729062170299585,0.9998427859663681
2023-01-18 01:30:00,4.454030624026884,121.14684200286865,79.75580294195144,1.2801881937104989,-0.8414893876704611,-1.2565896412035589,0.09721126948716119,0.9998428164303637
2023-01-18 03:00:00,4.450645778193911,121.12083625793457,79.76780434568423,1.2678876570651112,-0.8407484265112796,-1.257937973852211,0.09740149573190138,0.9998428637172404
2023-01-18 04:30:00,4.446267837408259,121.09448146820068,79.77641363984333,1.2790204481707919,-0.8401567925856035,-1.2593013643109796,0.09736057953341515,0.9998428976256828
2023-01-18 06:00:00,4.441464043511736,121.0783166885376,79.78108018411162,1.278294217315998,-0.8398710256801944,-1.2601284929489704,0.09746182142771431,0.9998429160006805
2023-01-18 07:30:00,4.434100331691838,121.06887912750244,79.77921855418653,1.2818938293708475,-0.8399447700414465,-1.2604272344393648,0.09767028578608006,0.9998429086707079
2023-01-18 09:00:00,4.432196906298918,121.07273769378662,79.78040451171601,1.2811755465719166,-0.8400001398767419,-1.2603791665180741,0.09773604873589647,0.9998429133403506
2023-01-18 10:30:00,4.4411541043032825,121.07993125915527,79.7731362904956,1.2807681976886804,-0.8402020520591128,-1.2597663962833447,0.09751574025358423,0.9998428847188556
2023-01-18 12:00:00,4.44968194145563,121.09388160705566,79.76501266203708,1.2790795416045508,-0.8405084173370099,-1.2589358345959771,0.09721099585112825,0.9998428527195984
2023-01-18 13:30:00,4.455689776309064,121.121413230896,79.75453418147345,1.2788590736626684,-0.8411685712550359,-1.2576100485457173,0.09702725073839247,0.9998428114300577
2023-01-18 15:00:00,4.449740792570432,121.1457691192627,79.74069264304444,1.277868277965575,-0.8421398840048422,-1.2562084174958006,0.09714750693456153,0.9998427568637316
2023-01-18 16:30:00,4.443038256518716,121.16659736633301,79.73079160146669,1.2760415517513328,-0.8428887350587398,-1.2551988951790556,0.09727437398214533,0.9998427178142607
2023-01-18 18:00:00,4.439423377689343,121.179762840271,79.72389197193179,1.2758433210659808,-0.8433802912492133,-1.2544811241031468,0.09747522585530533,0.9998426905936866
2023-01-18 19:30:00,4.44354692619583,121.1826000213623,79.71926538516237,1.2800865709202927,-0.843529289672051,-1.2540831415046256,0.09733431853419461,0.9998426723368141
2023-01-18 21:00:00,4.44534057550236,121.1788501739502,79.71836630301483,1.276906474174463,-0.8434868121771667,-1.2541051772797764,0.09725785175578494,0.9998426687885971
2023-01-18 22:30:00,4.447904456974973,121.1628532409668,79.7211161988925,1.2775790339115116,-0.8430725279047304,-1.2546740842431965,0.09717210694907408,0.999842679640651
2023-01-19 00:00:00,4.459433328107925,121.13608360290527,79.727341591191,1.2783715462092349,-0.8422521733167774,-1.2557117335676427,0.09683998536274885,0.9998427042040855
2023-01-19 01:30:00,4.4575626775660355,121.10395050048828,79.73507082761944,1.2785867344955273,-0.8415809583850107,-1.2570696279770621,0.09699610692587157,0.9998427346932107
2023-01-19 03:00:00,4.456399376618261,121.07842540740967,79.74641767776998,1.2752317023526356,-0.8408450092813748,-1.2582675269734922,0.09712815913189843,0.9998427794364966
2023-01-19 04:30:00,4.451497622091955,121.05256652832031,79.75428168861585,1.282451398334747,-0.8402644521687873,-1.2594797032339526,0.09719970811056555,0.9998428104349307
2023-01-19 06:00:00,4.443621554020352,121.03488540649414,79.76029021678451,1.2822496661766554,-0.8399528644225898,-1.2603484789111685,0.09748702371871332,0.9998428341132277
2023-01-19 07:30:00,4.437991105491131,121.02417087554932,79.7603463686634,1.2810330376243477,-0.8398596740186045,-1.2607894554859882,0.09764491744863335,0.9998428343344848
2023-01-19 09:00:00,4.437784279704395,121.02866840362549,79.75802435131185,1.2769987722379819,-0.8399935860299667,-1.260566250388161,0.0975962867069029,0.9998428251845752
2023-01-19 10:30:00,4.444179070342889,121.0350923538208,79.75058191085138,1.2794735870462726,-0.8402461711397659,-1.259960802657877,0.0974402845477016,0.999842795852253
2023-01-19 12:00:00,4.45316117987577,121.05615901947021,79.7452649349934,1.2787921433062546,-0.8405652701563483,-1.2590395482956642,0.09714701762641198,0.9998427748918335
2023-01-19 13:30:00,4.4535976793214385,121.08126735687256,79.73293917061723,1.2825069698825318,-0.8413691638471938,-1.257681205957638,0.09709411980293225,0.9998427262854572
2023-01-19 15:00:00,4.455644672958851,121.10365772247314,79.71770178506803,1.274747397686239,-0.8421820290808831,-1.2562720333249089,0.09690301818045555,0.9998426661660076
2023-01-19 16:30:00,4.44726732778144,121.12557983398438,79.70794363824074,1.2797035778426094,-0.8429746006574952,-1.2552214153919605,0.09714399253243755,0.9998426276469107
2023-01-19 18:00:00,4.441759032653871,121.14203929901123,79.70178575590542,1.2784532405931366,-0.8435270812724813,-1.254387623516682,0.09737386327469721,0.9998426033321397
2023-01-19 19:30:00,4.443929763023459,121.14452838897705,79.69802697075946,1.2784177676285067,-0.8436171604466217,-1.2540905193774263,0.09730889444472268,0.9998425884875796
2023-01-19 21:00:00,4.450375388285232,121.13828945159912,79.7003859931897,1.2763824941090955,-0.8433171466180249,-1.2542902610053002,0.09708234434583574,0.999842597804306
2023-01-19 22:30:00,4.455854037891319,121.12715148925781,79.70498890851651,1.2759698639102963,-0.8428414908378996,-1.254756618250928,0.0969992381415068,0.9998426159806847
2023-01-20 00:00:00,4.460329689966298,121.10506629943848,79.71321516121927,1.2807247035770088,-0.8421645068765838,-1.255659944521435,0.09692339138564421,0.9998426484573625
2023-01-20 01:30:00,4.459297034854382,121.07003593444824,79.72175142507216,1.2779923949381,-0.8413519923098316,-1.2570955818895184,0.09706856480079296,0.9998426821473166
2023-01-20 03:00:00,4.453028056434768,121.04772853851318,79.73198415339333,1.2807584610789606,-0.8407784413606343,-1.2582923600070839,0.09724563816598675,0.9998427225184274
2023-01-20 04:30:00,4.451640489732176,121.0234022140503,79.7423756983848,1.2825921832349145,-0.840081648275432,-1.2594383017453485,0.097335908212699,0.9998427635002155
2023-01-20 06:00:00,4.440520983502571,121.00358581542969,79.74751651279618,1.2781159455722142,-0.8398481927955244,-1.2603995495245113,0.09763683915480215,0.9998427837684463
2023-01-20 10:30:00,4.434195524583741,121.00673770904541,79.73102240580019,1.2801051905767757,-0.8406210478070943,-1.2596396835755772,0.09758412960400165,0.9998427187247131
2023-01-20 12:00:00,4.442030395992767,121.02227592468262,79.72319353747271,1.2802496577276594,-0.8410035642144296,-1.2587706955369153,0.09732376557440148,0.9998426878378134
2023-01-20 13:30:00,4.445362066597909,121.04972267150879,79.71082511794094,1.2784735388755175,-0.8417490601798416,-1.257260045992668,0.09726462212893239,0.9998426390226727
2023-01-20 15:00:00,4.442470267222222,121.07320594787598,79.69449268590664,1.2773638658549968,-0.8426965531711611,-1.2558412933392806,0.09727157181077928,0.9998425745277221
2023-01-20 16:30:00,4.434585786179067,121.09549903869629,79.68250929170617,1.2787191042339516,-0.8435650322215968,-1.2546310548449007,0.0974062653585861,0.9998425271814156
2023-01-20 18:00:00,4.432422719018443,121.1105728149414,79.67813038360812,1.2794669052075838,-0.8439459297404982,-1.2539874710412788,0.09747678564417583,0.9998425098750521
2023-01-20 19:30:00,4.434073785694779,121.11508083343506,79.6762849946546,1.2814505317672495,-0.8439976624560487,-1.2536463067338535,0.09745393002958735,0.9998425025808333
2023-01-20 21:00:00,4.437942672160279,121.11311721801758,79.67767471442103,1.2780605627099522,-0.8438789475302442,-1.2537391034332834,0.09730691381264478,0.999842508073988
2023-01-20 22:30:00,4.448287885412582,121.09728717803955,79.68625321220318,1.2778673812305006,-0.8431163972282444,-1.2544689281974044,0.0971149404958851,0.999842541975913
2023-01-21 00:00:00,4.448660423865892,121.06825733184814,79.69458251366302,1.2789599569058228,-0.8424338184558616,-1.2556879489663741,0.09724576757980685,0.9998425748825504
2023-01-21 01:30:00,4.448120323861781,121.03946876525879,79.70370905288844,1.277625210732102,-0.8417178019442619,-1.2570100823042647,0.09723496121114295,0.9998426109269993
2023-01-21 03:00:00,4.443407377933642,121.01028156280518,79.71490620074826,1.2802344993634147,-0.8409734300683128,-1.2583719339129504,0.09744562180276262,0.9998426551322243
2023-01-21 04:30:00,4.43967843273933,120.98674297332764,79.72286594290775,1.2835069814358455,-0.840392402046096,-1.2595205487959988,0.0975311985166627,0.9998426865451703
2023-01-21 06:00:00,4.430459467363328,120.97102737426758,79.7267122247594,1.282170310496792,-0.8402337245529667,-1.260285185556054,0.09783976461585553,0.9998427017210655
2023-01-21 10:30:00,4.422666664854981,120.96781349182129,79.7144199016624,1.2800135035637383,-0.8408470450401644,-1.2600138758297086,0.09792876066057943,0.9998426532127507
2023-01-21 12:00:00,4.435875475203953,120.99020957946777,79.706362307214,1.2787705585697842,-0.8412325084219543,-1.2588748897543167,0.09741291959835507,0.9998426214034671
2023-01-21 13:30:00,4.43675820808265,121.01099681854248,79.69159372739914,1.2787795720098751,-0.8420320902538323,-1.257576437980339,0.09726586400756787,0.9998425630759155
2023-01-21 15:00:00,4.434695290142337,121.03603839874268,79.6778144912959,1.2783254878007035,-0.8428980729041831,-1.2560994564923769,0.09739235053348239,0.9998425086264691
2023-01-21 16:30:00,4.428684755744402,121.05878639221191,79.66456141184322,1.279384809619263,-0.843778139893158,-1.2547976566831454,0.0975675425161171,0.9998424562295084
2023-01-21 18:00:00,4.4260248097488,121.07315349578857,79.65720755428315,1.2788162962222898,-0.8442590139397738,-1.2539849539874925,0.09763265002402477,0.9998424271442468
2023-01-21 19:30:00,4.429958085115907,121.07619762420654,79.65733536533301,1.2782264803280514,-0.8442035191280777,-1.2538927149513264,0.09745346216550388,0.9998424276498213
2023-01-21 21:00:00,4.432757885279981,121.06968784332275,79.66004411439624,1.2786106224835303,-0.8439773567427298,-1.2541305858060265,0.09747291865278385,0.9998424383640874
2023-01-21 22:30:00,4.440757484883899,121.05892658233643,79.66754580313844,1.277901229890694,-0.8434020059278584,-1.2545818018337247,0.09740965609489649,0.9998424680307854
2023-01-22 00:00:00,4.44030051091801,121.0308780670166,79.67564779203173,1.2798486909778297,-0.8426726870308574,-1.2557743830062942,0.0974033760430757,0.9998425000620621
2023-01-22 01:30:00,4.443048244135132,121.00241374969482,79.68526511789047,1.2844234628172744,-0.8418956477663173,-1.2570777284815255,0.09735469152110454,0.9998425380715565
2023-01-22 03:00:00,4.438272350073262,120.9730339050293,79.6954835221474,1.282999276874358,-0.8411938999926903,-1.2584355766885766,0.09758088963644695,0.9998425784415534
2023-01-22 04:30:00,4.435099058581807,120.95078468322754,79.70528384080164,1.2832053222848434,-0.8405861229321036,-1.2595272517176817,0.09776472688099602,0.9998426171452308
2023-01-22 06:00:00,4.426718236491809,120.93573665618896,79.70808429983624,1.2826663841682555,-0.8404303123660534,-1.2602598323492278,0.09799220827699173,0.9998426282022557
2023-01-22 10:30:00,4.426080873956003,120.93325233459473,79.70011025574844,1.284186042846387,-0.8407306386510649,-1.260101460944102,0.09790753189190582,0.9998425967153508
2023-01-22 12:00:00,4.431453646999269,120.94970226287842,79.69155554079953,1.2802918961538972,-0.8411786566637773,-1.2592219084474006,0.09765344398510933,0.9998425629250579
2023-01-22 13:30:00,4.440697724139364,120.9767074584961,79.67850256956095,1.2860679752814326,-0.8418472515937181,-1.257714011074938,0.09726049189521291,0.99984251134612
2023-01-22 15:00:00,4.436626936583629,121.00136280059814,79.66668190515247,1.283797361501023,-0.8427060914606863,-1.2563859136136903,0.09737550824866048,0.9998424646147814
2023-01-22 16:30:00,4.432452701440803,121.02407741546631,79.65419251588912,1.2832776666850174,-0.8435327700446074,-1.2551675961676247,0.09740835462434916,0.9998424152171324
2023-01-22 18:00:00,4.430425493011262,121.03969383239746,79.64636620426008,1.2820082208689503,-0.8440354609868944,-1.2543036114201849,0.09752413932073978,0.9998423842509032
2023-01-22 19:30:00,4.43646092360603,121.04409503936768,79.6459284047517,1.2823523074300176,-0.8439931854709282,-1.2540332455467964,0.09742709222155099,0.9998423825184001
2023-01-22 21:00:00,4.442741860838787,121.03414344787598,79.65125338660938,1.2860544021870446,-0.8435241499095159,-1.2544606133002758,0.09738891419874562,0.9998424035890014
2023-01-22 22:30:00,4.447080512830133,121.01922702789307,79.65555940279386,1.2849585650149136,-0.843048603499703,-1.2549566633123912,0.0972665371173207,0.9998424206245337
2023-01-23 00:00:00,4.450135135262172,120.99250411987305,79.66083377286375,1.2860131912638213,-0.8423901814415048,-1.2559934602296354,0.09717344769342162,0.99984244148732
2023-01-23 01:30:00,4.452199391312703,120.96593761444092,79.67064296606233,1.2844770455420358,-0.8415998258912707,-1.2571807117050993,0.09719769144794554,0.9998424802765968
2023-01-23 03:00:00,4.450749014110563,120.93357563018799,79.68398686149175,1.283987274868897,-0.8406978502380381,-1.2586902981464938,0.09738932484106044,0.9998425330204378
2023-01-23 04:30:00,4.4471175266192295,120.90903377532959,79.6931738666017,1.2861302820123282,-0.8400416013875521,-1.2599519684668028,0.09758293179766042,0.999842569318122
2023-01-23 06:00:00,4.436208707588699,120.89086151123047,79.69779252061683,1.2847213915881859,-0.8398034041439709,-1.2607613600193326,0.09796382699641981,0.9998425875615966
2023-01-23 10:30:00,4.435106846288098,120.8927116394043,79.68790925797889,1.2851505094839035,-0.8402292049549573,-1.2604004575109868,0.09791103422503511,0.9998425485192879
2023-01-23 12:00:00,4.441093964087121,120.90902137756348,79.67680538934933,1.2841985655536212,-0.8407527990860842,-1.2593888087389178,0.09754911428171908,0.9998425046378345
2023-01-23 13:30:00,4.4449069111056705,120.93408107757568,79.66582497983651,1.2837973615010227,-0.8414230515569237,-1.2581071849580345,0.09734718543768395,0.9998424612262389
2023-01-23 15:00:00,4.445590102976748,120.96202278137207,79.65448918973843,1.2871995680509554,-0.842190487171805,-1.2566691456997108,0.09723809986280685,0.9998424163907971
2023-01-23 16:30:00,4.440881897485028,120.98353481292725,79.64714578762816,1.2859911059831521,-0.8427975519645095,-1.255660625227115,0.09734923410542251,0.9998423873358763
2023-01-23 18:00:00,4.441384072067474,120.99781608581543,79.6396211347882,1.2836789540413636,-0.8431631017510294,-1.2547302324338616,0.09744198872976995,0.9998423575554825
2023-01-23 19:30:00,4.443172805668428,121.00071811676025,79.63750752652284,1.2845798926860843,-0.8431419780482452,-1.2544258936054011,0.09737191937529133,0.9998423491889156
2023-01-23 21:00:00,4.455756529473646,120.99246120452881,79.64370750555926,1.2844230129451712,-0.8424955183392934,-1.254696406859972,0.09717622588505037,0.9998423737292
2023-01-23 22:30:00,4.457607929676401,120.97892379760742,79.65044971427666,1.2848688770131163,-0.8419356467713579,-1.2551970547228475,0.09724059700238286,0.9998424004091939
2023-01-24 00:00:00,4.463034478582493,120.95355415344238,79.65856799718837,1.2812279824528041,-0.8411424014207419,-1.2562196429708847,0.09718396922289685,0.9998424325255453
2023-01-24 01:30:00,4.46085041397698,120.92773342132568,79.67179454257293,1.2833518429624753,-0.8403193744861832,-1.2575424176073362,0.09735077712502971,0.9998424848294284
2023-01-24 03:00:00,4.4583530664008215,120.8992567062378,79.68188275322694,1.282680717937268,-0.8395750441094924,-1.258771888745627,0.09755192318698391,0.999842524705379
2023-01-24 04:30:00,4.45311215815887,120.86949253082275,79.68632297884886,1.2843742040905457,-0.8390233532659125,-1.2599313515719737,0.09766653817132465,0.9998425422515835
2023-01-24 06:00:00,4.447170747597436,120.84913635253906,79.69158329440647,1.2833072178864873,-0.8386604275277748,-1.2609097078662073,0.09784839746680518,0.9998425630346995
2023-01-24 10:30:00,4.4404958953586195,120.84142208099365,79.67210357031765,1.2819750075224465,-0.8394591977681817,-1.260504490054187,0.09780293316907773,0.9998424860511558
2023-01-24 12:00:00,4.444650067679509,120.86422538757324,79.66096489074383,1.286097583643189,-0.8401474140706056,-1.2592667489353926,0.09758438436620054,0.9998424420059044
2023-01-24 13:30:00,4.450488443150684,120.88956069946289,79.64813386635515,1.2858768216947751,-0.8408825606503525,-1.2577914630988767,0.09733908309681283,0.9998423912457786
2023-01-24 15:00:00,4.44399329563822,120.91178035736084,79.63253549848221,1.2885165084216201,-0.8418047253184251,-1.256328124015995,0.09738495758210775,0.9998423295048725
2023-01-24 16:30:00,4.440140044824596,120.93576526641846,79.62019562693578,1.2864335762347412,-0.8425983520389985,-1.2549921372734474,0.09745754961659259,0.999842280635926
2023-01-24 18:00:00,4.435352959167639,120.94803237915039,79.61429518108746,1.2859517097739395,-0.8429512305313331,-1.2542256734391712,0.0975796383117995,0.9998422572606704
2023-01-24 19:30:00,4.441406234704703,120.95162296295166,79.61432551588155,1.2806211620077692,-0.842797762740246,-1.2538991456863555,0.0974810200441425,0.9998422573808583
2023-01-24 21:00:00,4.44687393213802,120.94552993774414,79.61651295947367,1.2834134370166126,-0.8424662932635677,-1.2540240269489298,0.09730917514571047,0.9998422660472492
2023-01-24 22:30:00,4.451910306874074,120.93276309967041,79.62400140897786,1.2856752660857607,-0.8418393167678639,-1.2545550571868191,0.09721901579905534,0.9998422957101878
2023-01-25 00:00:00,4.45634926357975,120.9007625579834,79.63579230806185,1.2839717993003616,-0.8407657030900914,-1.2558530812989825,0.09731323948108184,0.9998423423988566
2023-01-25 01:30:00,4.45363103269435,120.87419033050537,79.64440556976157,1.2810916088222222,-0.840133642618406,-1.2570420561554894,0.09751209408386785,0.9998423764918656
2023-01-25 03:00:00,4.449424534177561,120.8476972579956,79.65124462529664,1.2828331095307375,-0.8395735798585454,-1.2582289485806246,0.09761446802986029,0.9998424035543371
2023-01-25 04:30:00,4.443724132550691,120.8236083984375,79.661645410147,1.2815954904430833,-0.8390042807121763,-1.2594734991338619,0.09782825253205374,0.9998424446973859
2023-01-25 06:00:00,4.435739795933954,120.8017807006836,79.66351034160358,1.2818459757831446,-0.8388816087707296,-1.260441851412361,0.09809664476961188,0.999842452072911
2023-01-25 10:30:00,4.427979593762342,120.79586410522461,79.64529840696076,1.2810417478060419,-0.8397311389184007,-1.2602108826688503,0.0980945510455058,0.9998423800252609
2023-01-25 12:00:00,4.428713559027784,120.81346607208252,79.63394863259495,1.2820921320507725,-0.8404307733474359,-1.2591184781283553,0.09803187638135569,0.999842335099784
2023-01-25 13:30:00,4.43585670576224,120.84178447723389,79.61907676383909,1.2839097411607463,-0.8412963722099205,-1.257628255673496,0.09764509806882415,0.9998422762038278
2023-01-25 15:00:00,4.431631324036564,120.8650369644165,79.605161840516,1.283411278365599,-0.8422072024649048,-1.2563278047836495,0.09759889415181533,0.9998422210677038
2023-01-25 16:30:00,4.424226250167604,120.8878288269043,79.59074822402708,1.2840404008286834,-0.8431997310017243,-1.2550355523505656,0.09778638287025387,0.9998421639250832
2023-01-25 18:00:00,4.415550901151699,120.90200519561768,79.58085234597503,1.2845802519214953,-0.8439302584402948,-1.2541862131872046,0.0979469480807893,0.9998421246750121
2023-01-25 19:30:00,4.41843097201128,120.90681838989258,79.57693129661521,1.2842320757893617,-0.8440779439972351,-1.253833351514641,0.09776717723434558,0.9998421091188845
2023-01-25 21:00:00,4.422465543459604,120.89692783355713,79.57641277984622,1.2839633220232851,-0.8438558267236939,-1.2540982286086928,0.097731400259363,0.9998421070615812
2023-01-25 22:30:00,4.4289397130538095,120.88090515136719,79.5834663223019,1.2797936374214418,-0.8432822892738494,-1.2548163219761892,0.09764076257852139,0.9998421350442623
2023-01-26 00:00:00,4.431533483890706,120.85661602020264,79.59103541910086,1.2847475222626754,-0.8426414507788905,-1.2558682430850878,0.09763892744558689,0.999842165063968
2023-01-26 01:30:00,4.428854950089436,120.8238754272461,79.59827281929046,1.2877547109776166,-0.8419952291621725,-1.257297036647165,0.09777860378380865,0.9998421937601285
2023-01-26 03:00:00,4.424758444225416,120.79163646697998,79.60798681660286,1.2803263351085412,-0.8412878145498022,-1.2587615165500892,0.09792319957523432,0.9998422322636529
2023-01-26 04:30:00,4.4138949899967965,120.77060890197754,79.61204545378467,1.280590184244974,-0.8411010943908126,-1.2597135417231247,0.09824315503647085,0.9998422483467636
2023-01-26 06:00:00,4.40627894479462,120.75599002838135,79.61648910452197,1.2831744680492352,-0.8409402138132933,-1.2605695278902398,0.09846759129868587,0.9998422659527426
2023-01-26 10:30:00,4.4012225204353435,120.75004386901855,79.60689390917744,1.2813995050367968,-0.8413743284332638,-1.2605413764758169,0.09855621731912834,0.999842227932382
2023-01-26 12:00:00,4.410385457589581,120.77166080474854,79.5972849013715,1.2834388055406925,-0.8419247038140413,-1.2594155621999867,0.0982005776859296,0.999842189843513
2023-01-26 13:30:00,4.411890126411875,120.7978105545044,79.58742664689947,1.283101944130719,-0.8426533079627992,-1.2581157414051793,0.0980704244284425,0.9998421507523271
2023-01-26 15:00:00,4.409667572581021,120.82589912414551,79.57244300588503,1.282295663433993,-0.843620671931299,-1.2566651970112108,0.09792142074002186,0.9998420913094964
2023-01-26 16:30:00,4.40447361058757,120.8476448059082,79.5621126220551,1.2837868560458239,-0.8443950878844798,-1.2555010681454404,0.09814630982327799,0.9998420503074276
2023-01-26 18:00:00,4.395242012109395,120.86191368103027,79.55266489238073,1.284831539725965,-0.8451334110558579,-1.2547026646437034,0.09824321906853584,0.9998420127946971
2023-01-26 19:30:00,4.400315236447004,120.86748790740967,79.553099962187,1.284096988382476,-0.8451244626942644,-1.2545475064592257,0.09800028621430101,0.9998420145224592
2023-01-26 21:00:00,4.405284154679239,120.86061096191406,79.55740290313369,1.279034895706506,-0.8447494859316682,-1.2548408091963958,0.0980181692775659,0.9998420316088996
2023-01-26 22:30:00,4.407748312117205,120.84601879119873,79.56576861623337,1.2867939182810515,-0.8441791427114248,-1.2555776326784978,0.09804813317896333,0.9998420648201684
2023-01-27 00:00:00,4.411749947123631,120.8173475265503,79.5762156569829,1.2821126970007029,-0.8433025832900841,-1.2569678446148083,0.09802768918052607,0.9998421062794521
2023-01-27 01:30:00,4.4137189122845495,120.78443145751953,79.59172562292216,1.2815477478980657,-0.8422747440368535,-1.258659388354005,0.09806822112477676,0.9998421678009511
2023-01-27 03:00:00,4.405560343860378,120.76119422912598,79.60059394424424,1.2807668954624898,-0.8417469599883753,-1.2597912459330318,0.0984324250894133,0.9998422029616896
2023-01-27 04:30:00,4.403290865157793,120.73722457885742,79.60843527383088,1.2819334434630976,-0.8411574682857247,-1.260907968735873,0.09845484818288242,0.9998422340408696
2023-01-27 06:00:00,4.395285551508547,120.71766757965088,79.610917331682,1.2844730113158644,-0.8409251811504338,-1.2617697984086893,0.09865737042309775,0.999842243876615
2023-01-27 10:30:00,4.394828870843742,120.72215747833252,79.60656058048839,1.284606251932086,-0.8411950608602079,-1.2614764602634168,0.0986959960519016,0.9998422266113409
2023-01-27 12:00:00,4.402595499300536,120.74375438690186,79.60132576062128,1.2843316482629679,-0.8415823607044355,-1.2604452300722961,0.09840312963569886,0.9998422058626388
2023-01-27 13:30:00,4.405374174685632,120.76543617248535,79.59072945221156,1.2832414788339315,-0.842203137797434,-1.2593162206659003,0.09825310131418519,0.9998421638506423
2023-01-27 15:00:00,4.402746092315327,120.78895854949951,79.57774317884746,1.2836821119796187,-0.843038454475917,-1.2580163504105653,0.09823876016889699,0.9998421123400844
2023-01-27 16:30:00,4.395355237942168,120.80995750427246,79.56720238172545,1.2834386826270796,-0.843821730651813,-1.2569595246567065,0.09833371993772744,0.9998420705110611
2023-01-27 18:00:00,4.390115470987361,120.83163166046143,79.56025696279728,1.2851046784865834,-0.8445052453568106,-1.255973685015988,0.09839317143269,0.9998420429404847
2023-01-27 19:30:00,4.393882157564939,120.83482646942139,79.56059164223316,1.2851647341887857,-0.8444488701026105,-1.2558501962758448,0.09839018622187723,0.9998420442691958
2023-01-27 21:00:00,4.39738727529311,120.82908821105957,79.56282445066607,1.2831586898763407,-0.8442356025285567,-1.2560882270474978,0.09828451832981955,0.9998420531332409
2023-01-27 22:30:00,4.404774127413665,120.8106746673584,79.5766906474571,1.285798116754825,-0.843280996620756,-1.257147036332209,0.0981433752567682,0.999842108164073
2023-01-28 00:00:00,4.407826665988261,120.79234981536865,79.58660443148993,1.284940434942247,-0.8426103682802426,-1.2580750495964896,0.09820069576380774,0.9998421474913194
2023-01-28 01:30:00,4.406224081632382,120.75896835327148,79.5994576947367,1.2822730673229736,-0.8417021653381503,-1.259716364766447,0.09833277574034582,0.9998421984573926
2023-01-28 03:00:00,4.405342983647906,120.73510074615479,79.61125482904613,1.2809670929174533,-0.8409174681668733,-1.260962247316822,0.09836241690391034,0.9998422452139577
2023-01-28 04:30:00,4.399557672696118,120.71041488647461,79.62037078061226,1.284810816372989,-0.8403370681818322,-1.2621770855586945,0.09857927769553498,0.9998422813297368
2023-01-28 06:00:00,4.391554015576364,120.69408988952637,79.62501788903498,1.2794461412783675,-0.8400905901387916,-1.2629567613257868,0.09886763301074097,0.9998422997359818
2023-01-28 10:30:00,4.3883696187651395,120.69574356079102,79.61908243154785,1.2833414699718237,-0.840395691454022,-1.2627310545077326,0.09893176572768425,0.9998422762262795
2023-01-28 12:00:00,4.398147877854329,120.71383762359619,79.61105470247664,1.2805097603677509,-0.8407730564450738,-1.2617510092321882,0.09857901779469103,0.9998422444209527
2023-01-28 13:30:00,4.400538070716315,120.74021053314209,79.6014916228176,1.283774603179455,-0.8414487578327866,-1.2604352134254635,0.09850183808885049,0.999842206520112
2023-01-28 15:00:00,4.398030764211537,120.76883220672607,79.5906665542952,1.284426570255105,-0.8423326284925723,-1.2591708635471193,0.09843620927131269,0.999842163601216
2023-01-28 16:30:00,4.393035632491488,120.78832149505615,79.58028814514431,1.2820343781734778,-0.8430410607887261,-1.2581870027766648,0.0984941538390558,0.9998421224367784
2023-01-28 18:00:00,4.387871875510972,120.80373764038086,79.57488393479349,1.2805250810669238,-0.8435730080057006,-1.2575198414885136,0.09857028256919875,0.9998421009953947
2023-01-28 19:30:00,4.391369684323745,120.81284141540527,79.57175912569006,1.2830227693888838,-0.8438016486847018,-1.2571111236186643,0.09837738877831725,0.9998420885956181
2023-01-28 21:00:00,4.3959249000650695,120.80472946166992,79.57731089725908,1.2831531877432678,-0.8434368480587568,-1.2576339183194702,0.09837151045758219,0.999842110624989
2023-01-28 22:30:00,4.400122952561223,120.7864236831665,79.58759860935557,1.2826593710725671,-0.8427211551703042,-1.2585065048013224,0.09836297526453563,0.9998421514343386
2023-01-29 00:00:00,4.402502324164194,120.76187324523926,79.59769837091478,1.2821089961348555,-0.8419605653882388,-1.2597302382066033,0.09838297665737628,0.999842191482737
2023-01-29 01:30:00,4.403623734371893,120.73090744018555,79.60896369605884,1.281693815610543,-0.8411208544274725,-1.2612382703420035,0.09844438979052939,0.9998422361349456
2023-01-29 03:00:00,4.397226084013514,120.70633220672607,79.62260735835217,1.2813717801189628,-0.8404287206437953,-1.262592481587965,0.09870318635512376,0.9998422901887656
2023-01-29 04:30:00,4.39278886217044,120.68717384338379,79.63193969271273,1.2805287896871602,-0.8399070969906289,-1.2636291127606367,0.09887670964417339,0.999842327145856
2023-01-29 06:00:00,4.385597218684917,120.66665077209473,79.63518732344195,1.2778217605536524,-0.8395851934411706,-1.2644681149523391,0.09915477023059793,0.999842340003791
2023-01-29 10:30:00,4.389477658005982,120.66702556610107,79.63093280882883,1.2831810611069177,-0.839627383069913,-1.26432858357617,0.0989514388020325,0.999842323159108
2023-01-29 12:00:00,4.39715759824768,120.68780422210693,79.62498567708576,1.2806193295745179,-0.8400179355399532,-1.263408324807183,0.09871566293622891,0.999842299608408
2023-01-29 13:30:00,4.4012981516173,120.71565532684326,79.61726060108185,1.2861244252179707,-0.8406693902815973,-1.2621204385466769,0.09845985030915472,0.9998422690091525
2023-01-29 15:00:00,4.39730858584354,120.73982906341553,79.604266535094,1.2819498754049605,-0.8415379475044645,-1.260891554028258,0.09852350597975601,0.9998422175191795
2023-01-29 16:30:00,4.3912063827649845,120.76020050048828,79.59481520190005,1.2821359251627737,-0.8422691084060849,-1.2598219627152247,0.09865909307700349,0.9998421800517145
2023-01-29 18:00:00,4.382839226552657,120.77578353881836,79.58591184998939,1.280462790582551,-0.8429619707702498,-1.2590035528107744,0.09888747621334915,0.9998421447443773
2023-01-29 19:30:00,4.3854461496755555,120.78000926971436,79.58654166725519,1.280332567969271,-0.8429631924873869,-1.2588420913170963,0.0988920752206468,0.9998421472423845
2023-01-29 21:00:00,4.393200987047239,120.76895999908447,79.59049329055946,1.2828268304527255,-0.842539016007024,-1.2593583827959107,0.09863564151964965,0.999842162914123
2023-01-29 22:30:00,4.400773415331181,120.75952816009521,79.5991205729024,1.2819912205879485,-0.8419391236794663,-1.2599627612696316,0.09844264866296726,0.9998421971209441
2023-01-30 00:00:00,4.403675406718716,120.73634433746338,79.61129473895011,1.282829138002134,-0.8411133738796459,-1.261183101416224,0.09845207866965211,0.9998422453721006
2023-01-30 01:30:00,4.400161204103459,120.70465278625488,79.62384549021068,1.2830061897449279,-0.8403284833885796,-1.2627501602791862,0.09856995538393676,0.999842295092654
2023-01-30 03:00:00,4.401154269732409,120.68087863922119,79.63443235317591,1.280838690609403,-0.8395443970969723,-1.2639264243013024,0.0986609951214632,0.9998423370148728
2023-01-30 04:30:00,4.39470315491039,120.6567792892456,79.64365506345756,1.2773265973686319,-0.838951096515898,-1.2651067719025169,0.09896396274052677,0.9998423735216517
2023-01-30 06:00:00,4.385981568138209,120.63791084289551,79.64985157959974,1.2804363693005898,-0.8386047483955869,-1.2660961750288047,0.09919246951722016,0.9998423980425535
2023-01-30 10:30:00,4.390271213484999,120.63840675354004,79.64824445642002,1.282706055904663,-0.8385831792970199,-1.2660003120029648,0.0990915932416101,0.9998423916833827
2023-01-30 12:00:00,4.394789655544098,120.65925693511963,79.64052428777707,1.281149249246139,-0.8390927591656154,-1.2649339146397567,0.0989270228346868,0.9998423611303457
2023-01-30 13:30:00,4.4024744747102815,120.68271255493164,79.63278619174768,1.2832025952644535,-0.8395226810939254,-1.2637460014767188,0.09865685529257462,0.9998423304974445
2023-01-30 15:00:00,4.3986131857815325,120.71248245239258,79.61867837085718,1.285729006347771,-0.840549757705235,-1.2622684619173703,0.09854205322153575,0.9998422746256479
2023-01-30 16:30:00,4.3898385585834,120.7356185913086,79.60604834753555,1.2859057544399783,-0.8414758562521705,-1.261080742211939,0.09871155345354055,0.999842224581238
2023-01-30 18:00:00,4.389016302452498,120.7479944229126,79.59837797708553,1.2838660962413315,-0.8419022063519591,-1.260435915064286,0.09867831012343231,0.9998421941770196
2023-01-30 19:30:00,4.3889650180755515,120.75121784210205,79.59709134673105,1.2825943119261192,-0.842022129190581,-1.2601882557474104,0.0987766018261027,0.9998421890761456
2023-01-30 21:00:00,4.394464622105597,120.74296760559082,79.60361285195505,1.2837090537342746,-0.8415959382798348,-1.2606767193078952,0.09863923988996248,0.9998422149282443
2023-01-30 22:30:00,4.402351435931491,120.72945404052734,79.6126426998437,1.2851424392837454,-0.8409314928993245,-1.2613661631540591,0.09851875762251439,0.9998422507132555
2023-01-31 00:00:00,4.401253608249034,120.6972770690918,79.62327931498977,1.282844450952329,-0.8401334759013082,-1.2629370852338673,0.09856086374384176,0.9998422928502232
2023-01-31 01:30:00,4.402160581921226,120.66858196258545,79.63425431061671,1.2802133771151165,-0.8393271463078907,-1.264299434042223,0.09870233414767426,0.999842336309992
2023-01-31 03:00:00,4.399672126642622,120.64615535736084,79.64570837630315,1.2805118794435166,-0.8386112265454813,-1.2654932993976369,0.098865387690239,0.9998423816476711
2023-01-31 04:30:00,4.396444583748102,120.61615371704102,79.65607801034575,1.2793927591814473,-0.8378611804264643,-1.266900267925862,0.09895930346829118,0.999842422676071
2023-01-31 06:00:00,4.3899304513849415,120.60270023345947,79.66263165545845,1.2825230993282986,-0.8375409122916793,-1.2676626696602369,0.09921012545783015,0.9998424485979032
2023-01-31 10:30:00,4.391558868537556,120.59973239898682,79.66043647479954,1.2785877180435392,-0.8375046452852535,-1.2675915402738016,0.09916692729166243,0.9998424399159507
2023-01-31 12:00:00,4.397961088315882,120.62364673614502,79.65120099958652,1.2854548495380098,-0.8380636117238891,-1.2664173569096515,0.09890174498104898,0.99984240338173
2023-01-31 13:30:00,4.402067439386215,120.6465539932251,79.64074077516628,1.2817285012308177,-0.8386952967800381,-1.2651916071867673,0.0986953158480901,0.9998423619872289
2023-01-31 15:00:00,4.398650347086529,120.67558002471924,79.62966768807676,1.285003372282271,-0.8395677478209693,-1.2637864753473942,0.09874023653173936,0.9998423181496593
2023-01-31 16:30:00,4.390892535761519,120.69502544403076,79.61860864335651,1.2828299081641468,-0.8404013110934736,-1.2627586809642513,0.09891406614406151,0.9998422743494294
2023-01-31 18:00:00,4.3877204293483185,120.71133613586426,79.61023428824129,1.2857775499843227,-0.8409559664423887,-1.2619230530643306,0.09900306468443887,0.9998422411699844
2023-01-31 19:30:00,4.390080837540758,120.71574306488037,79.60893644386394,1.2826868676141214,-0.8410186095406388,-1.2617605841090518,0.09877568033516582,0.9998422360269493
2023-01-31 21:00:00,4.392746036680872,120.70543575286865,79.61454511515558,1.2868272390212583,-0.8406584016587896,-1.2622231698629949,0.0988227844100038,0.9998422582509167
2023-01-31 22:30:00,4.402010323509524,120.69163417816162,79.62599702778782,1.2831467495305646,-0.8398482241829105,-1.2629643919221074,0.09867286050030089,0.999842303613739
2023-02-01 00:00:00,4.403666377694582,120.6700267791748,79.6371382954975,1.2800721786516964,-0.8390657813063014,-1.2640230472418075,0.09873969963155105,0.9998423477272727
